{
  "AWSTemplateFormatVersion": "2010-09-09",
  "Description": "{\"createdOn\":\"Windows\",\"createdBy\":\"Amplify\",\"createdWith\":\"10.6.2\",\"stackType\":\"function-Lambda\",\"metadata\":{}}",
  "Parameters": {
    "CloudWatchRule": {
      "Type": "String",
      "Default": "NONE",
      "Description": " Schedule Expression"
    },
    "deploymentBucketName": {
      "Type": "String"
    },
    "env": {
      "Type": "String"
    },
    "s3Key": {
      "Type": "String"
    },
    "secretsPathAmplifyAppId": {
      "Type": "String"
    },
    "serviceUrl": {
      "Type": "String"
    }
  },
  "Conditions": {
    "ShouldNotCreateEnvResources": {
      "Fn::Equals": [
        {
          "Ref": "env"
        },
        "NONE"
      ]
    }
  },
  "Resources": {
    "LambdaFunction": {
      "Type": "AWS::Lambda::Function",
      "Metadata": {
        "aws:asset:path": "./src",
        "aws:asset:property": "Code"
      },
      "Properties": {
        "Code": {
          "S3Bucket": {
            "Ref": "deploymentBucketName"
          },
          "S3Key": {
            "Ref": "s3Key"
          }
        },
        "Handler": "index.handler",
        "FunctionName": {
          "Fn::If": [
            "ShouldNotCreateEnvResources",
            "askAI",
            {
              "Fn::Join": [
                "",
                [
                  "askAI",
                  "-",
                  {
                    "Ref": "env"
                  }
                ]
              ]
            }
          ]
        },
        "Environment": {
          "Variables": {
            "ENV": {
              "Ref": "env"
            },
            "REGION": {
              "Ref": "AWS::Region"
            },
            "openai_apikey": {
              "Fn::Join": [
                "",
                [
                  {
                    "Fn::Sub": [
                      "/amplify/${appId}/${env}/AMPLIFY_${functionName}_",
                      {
                        "appId": {
                          "Ref": "secretsPathAmplifyAppId"
                        },
                        "env": {
                          "Ref": "env"
                        },
                        "functionName": "askAI"
                      }
                    ]
                  },
                  "openai_apikey"
                ]
              ]
            },
            "openai_organization": {
              "Fn::Join": [
                "",
                [
                  {
                    "Fn::Sub": [
                      "/amplify/${appId}/${env}/AMPLIFY_${functionName}_",
                      {
                        "appId": {
                          "Ref": "secretsPathAmplifyAppId"
                        },
                        "env": {
                          "Ref": "env"
                        },
                        "functionName": "askAI"
                      }
                    ]
                  },
                  "openai_organization"
                ]
              ]
            },
            "SERVICE_URL": {
              "Ref": "serviceUrl"
            }
          }
        },
        "Role": {
          "Fn::GetAtt": [
            "LambdaExecutionRole",
            "Arn"
          ]
        },
        "Runtime": "nodejs14.x",
        "Layers": [
          "arn:aws:lambda:eu-west-3:501686901815:layer:openAILayer:1"
        ],
        "Timeout": 25
      }
    },
    "LambdaExecutionRole": {
      "Type": "AWS::IAM::Role",
      "Properties": {
        "RoleName": {
          "Fn::If": [
            "ShouldNotCreateEnvResources",
            "artemisachatLambdaRolefbec6ab4",
            {
              "Fn::Join": [
                "",
                [
                  "artemisachatLambdaRolefbec6ab4",
                  "-",
                  {
                    "Ref": "env"
                  }
                ]
              ]
            }
          ]
        },
        "AssumeRolePolicyDocument": {
          "Version": "2012-10-17",
          "Statement": [
            {
              "Effect": "Allow",
              "Principal": {
                "Service": [
                  "lambda.amazonaws.com"
                ]
              },
              "Action": [
                "sts:AssumeRole"
              ]
            }
          ]
        }
      }
    },
    "lambdaexecutionpolicy": {
      "DependsOn": [
        "LambdaExecutionRole"
      ],
      "Type": "AWS::IAM::Policy",
      "Properties": {
        "PolicyName": "lambda-execution-policy",
        "Roles": [
          {
            "Ref": "LambdaExecutionRole"
          }
        ],
        "PolicyDocument": {
          "Version": "2012-10-17",
          "Statement": [
            {
              "Effect": "Allow",
              "Action": [
                "logs:CreateLogGroup",
                "logs:CreateLogStream",
                "logs:PutLogEvents"
              ],
              "Resource": {
                "Fn::Sub": [
                  "arn:aws:logs:${region}:${account}:log-group:/aws/lambda/${lambda}:log-stream:*",
                  {
                    "region": {
                      "Ref": "AWS::Region"
                    },
                    "account": {
                      "Ref": "AWS::AccountId"
                    },
                    "lambda": {
                      "Ref": "LambdaFunction"
                    }
                  }
                ]
              }
            }
          ]
        }
      }
    },
    "AmplifyFunctionSecretsPolicy": {
      "Type": "AWS::IAM::Policy",
      "Properties": {
        "PolicyName": "amplify-function-secrets-policy",
        "Roles": [
          {
            "Ref": "LambdaExecutionRole"
          }
        ],
        "PolicyDocument": {
          "Version": "2012-10-17",
          "Statement": [
            {
              "Effect": "Allow",
              "Action": [
                "ssm:GetParameter",
                "ssm:GetParameters"
              ],
              "Resource": {
                "Fn::Join": [
                  "",
                  [
                    "arn:aws:ssm:",
                    {
                      "Ref": "AWS::Region"
                    },
                    ":",
                    {
                      "Ref": "AWS::AccountId"
                    },
                    ":parameter",
                    {
                      "Fn::Sub": [
                        "/amplify/${appId}/${env}/AMPLIFY_${functionName}_",
                        {
                          "appId": {
                            "Ref": "secretsPathAmplifyAppId"
                          },
                          "env": {
                            "Ref": "env"
                          },
                          "functionName": "askAI"
                        }
                      ]
                    },
                    "*"
                  ]
                ]
              }
            }
          ]
        }
      },
      "DependsOn": [
        "LambdaExecutionRole"
      ]
    }
  },
  "Outputs": {
    "Name": {
      "Value": {
        "Ref": "LambdaFunction"
      }
    },
    "Arn": {
      "Value": {
        "Fn::GetAtt": [
          "LambdaFunction",
          "Arn"
        ]
      }
    },
    "Region": {
      "Value": {
        "Ref": "AWS::Region"
      }
    },
    "LambdaExecutionRole": {
      "Value": {
        "Ref": "LambdaExecutionRole"
      }
    },
    "LambdaExecutionRoleArn": {
      "Value": {
        "Fn::GetAtt": [
          "LambdaExecutionRole",
          "Arn"
        ]
      }
    }
  }
}