{
  "providers": {
    "awscloudformation": {
      "AuthRoleName": "amplify-amplify468a9c1e54da4-staging-153229-authRole",
      "UnauthRoleArn": "arn:aws:iam::501686901815:role/amplify-amplify468a9c1e54da4-staging-153229-unauthRole",
      "AuthRoleArn": "arn:aws:iam::501686901815:role/amplify-amplify468a9c1e54da4-staging-153229-authRole",
      "Region": "eu-west-3",
      "DeploymentBucketName": "amplify-amplify468a9c1e54da4-staging-153229-deployment",
      "UnauthRoleName": "amplify-amplify468a9c1e54da4-staging-153229-unauthRole",
      "StackName": "amplify-amplify468a9c1e54da4-staging-153229",
      "StackId": "arn:aws:cloudformation:eu-west-3:501686901815:stack/amplify-amplify468a9c1e54da4-staging-153229/d0fdbb60-99a0-11ed-9e24-0a39eddbcbe6",
      "AmplifyAppId": "d1gnscm1t1mzuw"
    }
  },
  "auth": {
    "artemisachat": {
      "service": "Cognito",
      "providerPlugin": "awscloudformation",
      "dependsOn": [],
      "customAuth": false,
      "frontendAuthConfig": {
        "socialProviders": [],
        "usernameAttributes": [
          "EMAIL"
        ],
        "signupAttributes": [
          "EMAIL"
        ],
        "passwordProtectionSettings": {
          "passwordPolicyMinLength": 8,
          "passwordPolicyCharacters": [
            "REQUIRES_LOWERCASE",
            "REQUIRES_NUMBERS",
            "REQUIRES_SYMBOLS",
            "REQUIRES_UPPERCASE"
          ]
        },
        "mfaConfiguration": "OFF",
        "mfaTypes": [
          "SMS"
        ],
        "verificationMechanisms": [
          "EMAIL"
        ]
      },
      "providerMetadata": {
        "s3TemplateURL": "https://s3.amazonaws.com/amplify-amplify468a9c1e54da4-staging-153229-deployment/amplify-cfn-templates/auth/artemisachat-cloudformation-template.json",
        "logicalId": "authartemisachat"
      },
      "lastPushTimeStamp": "2023-01-29T01:39:25.514Z",
      "output": {
        "UserPoolId": "eu-west-3_jQgU5pcS3",
        "AppClientIDWeb": "7s3b9ucsp9j54vvhsobr2r36ik",
        "AppClientID": "2eihku1drubnevur67au7941tb",
        "IdentityPoolId": "eu-west-3:94ea4eee-c1a3-4f33-8163-3c2032b4a4f1",
        "UserPoolArn": "arn:aws:cognito-idp:eu-west-3:501686901815:userpool/eu-west-3_jQgU5pcS3",
        "IdentityPoolName": "testAuthIdentityPool__staging",
        "UserPoolName": "artemisachat"
      },
      "lastPushDirHash": "uMT4ZXn4dYnL2LlVUa9vr0TH8Rw="
    }
  },
  "function": {
    "askAI": {
      "build": true,
      "providerPlugin": "awscloudformation",
      "service": "Lambda",
      "dependsOn": [],
      "lastBuildTimeStamp": "2023-01-29T01:38:20.331Z",
      "lastBuildType": "PROD",
      "lastPackageTimeStamp": "2023-01-29T01:38:21.197Z",
      "distZipFilename": "askAI-6657534e7a5473475955-build.zip",
      "lastDevBuildTimeStamp": "2023-01-23T19:35:45.683Z",
      "s3Bucket": {
        "deploymentBucketName": "amplify-amplify468a9c1e54da4-staging-153229-deployment",
        "s3Key": "amplify-builds/askAI-6657534e7a5473475955-build.zip"
      },
      "providerMetadata": {
        "s3TemplateURL": "https://s3.amazonaws.com/amplify-amplify468a9c1e54da4-staging-153229-deployment/amplify-cfn-templates/function/askAI-cloudformation-template.json",
        "logicalId": "functionaskAI"
      },
      "lastPushTimeStamp": "2023-01-29T01:39:25.745Z",
      "output": {
        "LambdaExecutionRoleArn": "arn:aws:iam::501686901815:role/artemisachatLambdaRolefbec6ab4-staging",
        "Region": "eu-west-3",
        "Arn": "arn:aws:lambda:eu-west-3:501686901815:function:askAI-staging",
        "Name": "askAI-staging",
        "LambdaExecutionRole": "artemisachatLambdaRolefbec6ab4-staging"
      },
      "lastPushDirHash": "vSKzexaXri93IFCgMLzD4Kzsd+c="
    }
  }
}